"Pacific Crest Trail Water Report -- Northern California : Sierra City to Ashland, OR",,,,,Updated 08/02/2026 @ 9:06 pm     by Druid,
"Sierra City, CA to Ashland, OR",,,,,www.pctwater.com,
See Snow/Fords page for updates on Snow & Creek crossings & Road Closures in NorCal.,,,,,,
"Never rely on water caches!!! Beware of contaminated water. Purify backcountry water.
FOR WATER CACHE TRAIL ANGELS : Water jugs, and caches, left unattended often end up as litter blown across the landscape. A little rope through the handles is a quick fix (if there is no other way to secure the bottles) but don't forget to revisit what you've left out! If you are going to put items out on trail please keep Leave No Trace principles in mind to preserve our trails.",,,,,,
"All updates will remain on this report for 12 months. A representative sample of older updates will remain to provide context for water availability in previous years. You can send email updates to pctwater@gmail.com or phone/text (541) 728-3665 [voice mail/text only, no one will answer]. Waypoint IDs used in this water report are derived from Halfmile’s PCT maps which stopped receiving updates in 2019, as well as official PCTA IDs when available. Mileages were updated in 2025 using official PCTA mileage data.",,,,,,
Take fire safety seriously. Alcohol stoves start fires – go stoveless or carry a stove with a contained fuel source and a shut-off valve.,,,,,,
"Water sources with blue text [marked with  * or **] have historically been more reliable. Sources marked with ** are more likely to have water year-round than those marked with a single *. Water described as seasonal, usually dry, early spring, etc. are less reliable.",,,,,,
Map,Mile,Waypoint,Location,Report,Date,Reported By
,1057.7,"WA1057
PCTAID_490",Raymond Canyon Creek ,"06/22/26 (Lana): Great flow
07/30/23 (FISH3141): Flowing well but difficult to collect. Still pretty covered with snow with an uncomfortable snow bridge. 
07/25/23 (bwolter): Snow bridge is broken with half in tact on Nobo side and two square fallen pieces on Sobo side. We saw a Nobo cross quickly while we had hard time crossing Sobo. ",6/22/26,Lana
,1058.0,WA1058,Seasonal Stream ,"06/22/26 (Lana): flowing
07/30/23 (FISH3141): Flowing Well ",6/22/26,Lana
,1059.8,"WA1059
PCTAID_491",Creek from Raymond Lake.,"06/22/26 (Lana): flowing very well
07/30/23 (Fish3141): Flowing well. Snow easily crossed. Lots of downed trees and branches but easily navigable",6/22/26,Lana
,1061.7,"WACS1060
PCTAID_492",Tributary of Pleasant Valley creek,,,
,1064.1,"WACS1063
PCTAID_493",Lily Pad Lake,,,
,1065.5,"WA1064
PCTAID_494",Tamarack Lake outlet,,,
,1070.9,,Lost Lake,06/23/26 (Lana): warm and nice!,6/23/26,Lana
,1073.5,"WA1072
PCTAID_495",Forestdale Creek,,,
,1073.7,"WACS1073
PCTAID_496","Creek, campsites nearby.","07/23/23 (bwolter): The campsites near this water source are just north of the river. 2-3 immediately to the ledt up the hill. And another 2 down the path a little, on the right, down a hill (going Nobo). ",8/8/23,bwolter
,1074.5,WA1074,Creek under some willows.,07/29/23 (FISH3141): Flowing Well ,8/8/23,FISH3141
,1076.6,"WA1075
PCTAID_498",Frog Lake,,,
,1079.3,"WA1078
PCTAID_499",Pond,,,
,1080.6,"WA1079
PCTAID_500",Upper Truckee River,"06/23/26 (Lana): great source
07/23/23 (bwolter): Note on Tree by this water crossing: ""07/19/23 - Angry Bear Camp. Aggressive Bear, Large Male, Cinnamon back. Bluff Charge Twice!""
06/30/23 (Tiga): Stay on west side, near tree line to maintain dry feet. ",6/23/26,Lana
,1080.7,"MeissCabin
PCTAID_501",Spring at Meiss Cabin,,,
,1081.4,"WA1080
PCTAID_502",Upper Truckee River,,,
,1081.8,WA1081,Small lake,,8/8/23,FISH3141
,1083.0,"WACS1082
PCTAID_504",Showers Lake,"06/23/26 (Lana): flowing
08/05/23 (rockymountainscrambler): Flowing",6/23/26,Lana
,1083.8,"WA1083
PCTAID_505","Showers Lake Outlet, campsites. Off trail to the South","06/23/26 (Lana): great flow
07/29/23 (FISH3141): Strong Flow",6/23/26,Lana
,1088.4,"WACS1087
PCTAID_506","Small creek, several campsites nearby.","06/23/26 (Lana): flowing well
08/07/23 (Bacon): Flowing good. 
07/28/23 (FISH3141): Flowing great.
07/23/23 (dmalanche): Still flowing ",6/23/26,Lana
,1089.5,"WA1088
PCTAID_507",Small creek with wooden bridge,"06/23/26 (Lana): flowing
08/07/23 (Bacon): Good Flow. 
07/28/23 (FISH3141): Flowing very well. 
07/25/23 (GoalTech): Gushing clear and cold with nice open space and not mega buggy. Good break spot. ",6/23/26,Lana
,1099.5,"WACS1098
PCTAID_510",Aloha Lake,"07/27/26 (Wyoming): still flowing as described previously
06/27/26 (Mobber): Water level pretty high right now.",7/27/26,Wyoming
,1101.4,"WA1100
PCTAID_511","Small creek, and a small lake.","07/27/26 (Wyoming): still flowing as described previously
06/27/26 (Mobber): Flowing very well.",7/27/26,Wyoming
,1101.6,"WACS1101
PCTAID_512",Heather Lake,"06/14/23 (MRFISHPIG27): Be careful this waterfall and stram is a massive river. Currently under snow, however if it melts out or gets weak could be super dangerous. ",8/8/23,MRFISHPIG27
,1102.7,"WACS1102
PCTAID_513",Susie Lake outlet,"07/27/26 (Wyoming): still flowing as described previously
06/27/26 (Mobber): Plenty of water flowing at the outlet.
08/07/23 (PolkaDot): The long standing rock hop is a over the water line now. Easy cross. Maybe shin deep. ",07/27/26,Wyoming
,1104.2,"WA1103
PCTAID_514",Trail side stream,,,
,1106.1,"WA1105
PCTAID_515",Small creek,"07/27/26 (Wyoming): still flowing as described previously
06/27/26 (Mobber): flowing
07/27/23 (FISH3141): Flowing well!",07/27/26,Wyoming
,1109.8,"WACS1109
PCTAID_516",Fontanillis Lake,"07/27/26 (Wyoming): still flowing as described previously
06/27/26 (Mobber): plenty of water flowing at the outlet.",7/27/26,Wyoming
,1111.0,"WA1110
PCTAID_517",Middle Velma Lake,"07/27/26 (Wyoming): still flowing as described previously
06/27/26 (Mobber): lots of water a short hike off trail",7/27/26,Wyoming
,1111.0,WA1110b,Middle Velma Lake Outlet,"07/27/26 (Wyoming): still flowing as described previously
06/27/26 (Mobber): Standing water in pond, weak flow from outlet.
07/25/23 (sheshakes): No significant water crossing here now.
07/25/23 (njtierney): No foot bridge but easy rock hop, very chill. ",07/27/26,Wyoming
,1113.7,"CS1113
PCTAID_518",Seasonal Phipps Creek,"07/27/26 (Wyoming): still flowing as described previously
06/27/26 (Mobber): Water flowing!
07/25/23 (njtierney): Nice cruisy rock hop. ",07/27/26,Wyoming
,1114.5,"CS1113B
PCTAID_519",Seasonal Creek,"07/27/26 (Wyoming): still flowing as described previously
06/27/26 (Mobber): Water trickling down the rock, enough to collect below from creek.
07/25/23 (njtierney): Gorgeous little waterfall 10/10 water spot. 0/10 spot for mosquitos. ",07/27/26,Wyoming
,1119.7,"WACS1119
PCTAID_520",Richardson Lake,,,
,1120.4,WACS1120,Seasonal Miller Creek,"07/27/26 (Wyoming): still flowing as described previously
06/27/26 (Mobber): plenty of water flowing
07/27/23 (YoungCairn): Can rock hop or cool the dogs off. Plenty of flow for water too",07/27/26,Wyoming
,1123.2,"WACS1122
PCTAID_521",Seasonal stream below Bear Lake,"07/27/26 (Wyoming): still flowing as described previously
06/28/26 (Mobber): Lots of water flowing.
07/26/23 (njtierney): Simple rock hop across good stream",07/27/26,Wyoming
,1124.4,"WACS1123
PCTAID_522",Seasonal creek,"07/27/26 (Wyoming): still flowing as described previously
06/28/26 (Mobber): flowing well
07/28/23 (YoungCairn): Just a trickle",07/27/26,Wyoming
,1127.9,"WA1127
PCTAID_523",Small stream,,,
,1128.2,"WACS1127
PCTAID_524",North Fork Blackwood Creek,"07/27/26 (Wyoming): still flowing as described previously
06/28/26 (Mobber): good flow below tent sites.
07/07/23 (gravedigger): Flowing well. ",7/27/26,Wyoming
,1128.4,"WA1127B
PCTAID_525",Small Stream,,,
,1128.7,"WA1128
PCTAID_526",Small creek,"07/27/26 (Wyoming): still flowing as described previously
06/28/26 (Mobber): flowing well
07/18/23 (Wray): Strong flow. This is your last Nobo water for 8 miles. ",7/27/26,Wyoming
,1137.0,"WACS1136
PCTAID_527",Five Lakes Creek,08/07/23 (hrbrech): Creek flowing well. Saw 4 piles of bear scat in the last mile. ,8/8/23,hrbrech
,1137.2,"WA1136
PCTAID_528",Small creek,"07/27/26 (Wyoming): still flowing as described previously
06/28/26 (Mobber): Plenty of water flowing.",7/27/26,Wyoming
,1138.6,"WA1137
PCTAID_529",Whiskey Creek (trailside),,,
,1140.7,"WA1140
PCTAID_530","Small creek, headwaters of the Middle Fork American River.","07/27/26 (Wyoming): still flowing as described previously
06/28/26 (Lana): Good Flow
07/15/23 (Coolwhip): Flowing well, snow patches around, but nice stop for rest during climb. ",7/27/26,Wyoming
,1141.9,"WACS1141
PCTAID_531",Washeshu Creek,"07/27/26 (Wyoming): still flowing as described previously
06/28/26 (Lana): tiny creek flowing in case you desperately need water
08/07/23 (hrbrech): Big Flow. ",7/27/26,Wyoming
,1145.8,"WA1145
PCTAID_532",Creek,"07/27/26 (Wyoming): still flowing as described previously
06/28/26 (Lana): flowing well
08/06/23 (hrbrech): Flowing well",7/27/26,Wyoming
,1155.7,"WA1155
PCTAID_535",Small lake,,,
,1155.6,WA1156,Seasonal Stream,"08/01/23 (Stinio): Looks pretty stagnant, small trickle ",8/8/23,Stinio
,1158.6,"RestArea1157
PCTAID_536",Rest area on Highway 80,"07/27/26 (Wyoming): still flowing as described previously
06/29/26 (Lana): water in the lake, no water in the creek",7/27/26,Wyoming
,1159.9,"WA1159
PCTAID_537",Upper Castle Creek tributary,"07/27/26 (Wyoming): still flowing as described previously
06/29/26 (Lana): flowing
08/04/23 (Sagerunner): Flowing well",7/27/26,Wyoming
,1160.3,"WA1159B
PCTAID_538",Upper Castle Creek tributary,"06/29/23 (bufferingmelonshorts): Dry Trail at 1160.5
06/25/23 (vincenttotte): Good Flow",8/8/23,bufferingmelonshorts
,1161.9,PCTAID_1202,Lower Castle Creek,,,
,1163.4,"WA1162
PCTAID_539",Seasonal Basin Peak Spring,"07/27/26 (Wyoming): still flowing as described previously
06/29/26 (Lana): soft flow
07/11/23 (lauren&cory): There are some potential sites 0.1M North of here. Slightly sloped, lumpy but you could make it work. We had 1 bar LTE with verizon but not very strong. 
06/30/23 (dianacastap): Snow covered sites, Spring is accessible ",7/27/26,Wyoming
,1164.2,"WA1163
PCTAID_540",Unconformity Spring,"07/27/26 (Wyoming): still flowing as described previously
06/30/26 (Mobber): good flow here
06/29/26 (Lana): flowing
08/04/23 (Sagerunner): Flowing well",7/27/26,Wyoming
,1165.5,"WA1164
PCTAID_541",Wooden bridge over a seasonal stream.,"07/27/26 (Wyoming): moderate flow
07/31/23 (tygr): Water flowing 0.2 miles sobo of this. ",7/27/26,Wyoming
,1168.2,"WACS1167
PCTAID_542","White Rock Creek, wooden bridge","07/27/26 (Wyoming): good flow
06/30/26 (Mobber): good water but with organic matter, collected upstream where current was stronger, less organic matter there.
06/27/26 (Rockflipper): Flowing and clear
07/28/23 (sheshakes): Beautiful but mosquitoes will eat you alive. Filled up water and ran for the ridge. ",7/27/26,Wyoming
,1168.4,"WA1167
PCTAID_543",Small stream,07/28/23 (sheshakes): Dunno if it's algae or sediment or what but lot of what not in this here creek. ,8/8/23,sheshakes
,1170.0,"WA1169
PCTAID_544",Snowbank spring,"07/27/26 (Wyoming): still flowing as described previously
06/30/26 (Mobber): flowing, great water here
07/24/23 (Mr.Rogers): small stream intercepts the trail, next water at 1173.3
07/23/23 (titohito): Trough is 10 steps downhill from the trail. Flowing very well. Cold and clear. ",7/27/26,Wyoming
,1173.4,"WACS1172
PCTAID_545","Seasonal Lacey Creek, campsites nearby, sign says ""Always water 3/10 mile downstream.""","07/27/26 (Wyoming): No flow at the trail
06/30/26 (Mobber): water flowing across PCT, enough to collect easily at this time
07/31/23 (njtierney): Good flow of water just before the road hiking nobo. ",7/27/26,Wyoming
,1176.7,,"Ridge Spring
------------------
 0.3 mi down road to the east",,,
,1180.4,"WA1179
PCTAID_546",Mule Ears Creek,"07/27/26 (Wyoming): still flowing as described previously
06/30/26 (Lana): great flow!
06/28/26 (Sean B): flowing great and taste great
08/02/23 (FionaJ): Flowing well",7/27/26,Wyoming
,1184.7,"WA1184
PCTAID_547",Road bridge over a creek.,"07/27/26 (Wyoming): still flowing as described previously
06/07/26 (Comet): Flowing, easier to collect 0.1 mile past the bridge
06/30/23 (seamore): Creek after 1184.8 has easy access and very strong flow. ",7/27/26,Wyoming
,1185.3,"WA1184b
PCTAID_548",Bald Ridge Creek,"07/27/26 (Wyoming): still flowing as described previously
06/30/26 (Lana): flowing
06/24/26 (Alexandra): Good flow
08/05/23 (Sagerunner): Both still flowing. 2nd Nobo better a few small ones after",7/27/26,Wyoming
,1186.7,"WA1186
PCTAID_549",Bear Valley Springs Trail junction [1/10 mile off trail].,"06/27/26 (Portrait): Good clear, cold water.
07/21/23 (andescandy): No snow, plenty of flow. 150 yrds off trail. Pretty buggy! ",6/27/26,via Druid
,1191.9,"WACS1191
PCTAID_550","Milton Creek, wooden bridge, campsite nearby.","07/27/26 (Wyoming): Water is easy to get
06/30/26 (Lana): great flow!
06/19/26 (Pine): Flowing strongly.
07/29/23 (rockymountainscrambler): Milton Spring is 0.8mi south of here. 
07/23/23 (luckyluke): picturesque creek and great place for a swim. the cold water feels goood",7/27/26,Wyoming
,1192.7,"WACS1192
PCTAID_551","2nd crossing of Milton Creek, wooden bridge","07/27/26 (Wyoming): Water is easy to get
08/05/23 (Sagerunner): Just as beautiful as stated before. No mosquitos. 
07/11/23 (Coco22): Good camping spot. Nice flowing river. Room to sit. Lots of butterflies and dragonflies, which means no blood sucking creatures.... ",7/27/26,Wyoming
,1194.1,"WA1193
PCTAID_552","Haypress Creek, steel bridge. Trail junction to Wild Plum Campground and side trail into Sierra City nearby.","07/27/26 (Wyoming): Water is harder to get to
06/30/26 (Lana): Spigots are always running at Wild Plum Campground
05/13/23 (toddlersnacks): 99% snow free here to Sierra City. 
10/02/22 (cheickenonabun): This is a big creek, big mondo flow. ",7/27/26,Wyoming
,1194.5,,Creek,"07/27/26 (Wyoming): flowing
06/25/26 (Alexandra): Flowing slowly still",7/27/26,via Druid
,1196.1,"WA1195
PCTAID_553","North Yuba River, steel bridge.","07/09/23 (maplefields): looks like water is class 4/5, even in the spots the trail leads down.  ",8/8/23,maplefields
,1196.4,,"Private water tanks
--------------------------
There are 4 large water tanks here that are privately owned and not available for use by hikers.",,,
,1196.5,Sierra City,Short walk from PCT. Popular stop for hikers. ,"07/21/23 (ScottG): Underrated Stop. Very Hiker friendly town. 
07/26/23 (daytonhagans): The post office was very helpful. ",8/8/23,ScottG
M1,1198.3,"WA1197
PCTAID_556",Switchback spring,"07/02/26 (Mobber): flowing, easy to collect
07/22/23 (elijohnson102): I dumped out all of my town water and filled up here. Way colder. 
07/18/23 (Coolwhip): Flowing well ",7/2/26,Mobber
M1,1201.8,"WA1201
PCTAID_557",Seasonal spring,"07/01/26 (Lana): extremely shallow, tickling over the rocks, not reliable and hard to collect
06/27/26 (AgnesArth): Small flow, but flowing
08/01/23 (KatQ): Nice flow. Easy to collect.",7/1/26,Lana
M1,1203.8,"WA1203
PCTAID_558",Sierra Buttes Spring,"06/27/26 (AgnesArth): flowing
08/01/23 (Friend): About 0.3 after the spring on the right theres some flat spots on what is probably an old dirt road. 
07/27/23 (LostKeys): Beautiful cold water. ",6/27/26,via Druid
"Note: The Sierra Buttes Reroute of the PCT (starting near mile 1204) was completed in the fall of 2017. This new trail is included in 2019 Halfmile Maps and the 2021 Halfmile Trail Notes and Guthook.This new section of trail replaced about 4.4 miles of old trail with 6.9 miles of new trail. The PCT is now 2.5 miles longer. The new section of trail takes PCT hikers and riders past lakes and camping. Plus, it avoids the old road walk and gets you further away from vehicle noises. The PCT passes the Packsaddle Campground at new trail mile 1208.4, which has a water pump behind the pit toilets.",,,,,,
M1,1205.4,,Tamarack Lakes,"06/17/24 (David H): disappeared into a large snowbank at Tamarack Lakes at 6800'. People had gotten over it, but at 5pm it was getting slippery uphill and it would have been worse downhill at 6pm.
07/04/23 (kyukimber): Traverse was fine without any traction. Short stretch where you risk falling in the lake. ",8/8/23,David H
M1,1206.3,,Tamarack Creek,06/25/26 (Amazon): flowing,,
M2,1207.5,,Packer Creek,07/26/23 (quendi): flowing well,8/10/23,quendi 
M2,1207.6,,Creek,07/26/23 (quendi): flowing well,8/10/23,quendi 
M2,1208.4,,Creek,,,
M2,1209.5,,Sawmill Creek,07/26/23 (quendi): plenty of moving water,8/10/23,quendi 
,1206.5,,Upper Tamarack Lake Outlet,"07/02/26 (Mobber): flowing, plenty of water at both lakes
06/25/26 (Amazon): flowing",7/2/26,Mobber
,1206.7,,Lower Tamarack Lake,,,
,1208.4,,Packsaddle Camp water pump,"05/26/26 (Gremlin): Behind the pit toilets. Clear water. Use handle slowly to get a smaller, bottle width stream",5/26/26,via Druid
,1208.6,,Packer Creek,"07/02/26 (Mobber): flowing well at both crossings
05/14/26 (Wandering Elk): substantial flow of water, plenty of options to get across",7/2/26,Mobber
,1211.1,,Sawmill Creek,"07/03/26 (Mobber): flowing, easy enough to scoop
07/01/26 (Lana): flowing",7/3/26,Mobber
M2,1213.5,PCTAID_559,"Unpaved road to Summit Lake, water at Summit Lake.","06/28/26 (Shepherd): No flow. It's turned into a brown puddle from OHV vehicles going through. No clear access to lake either.
07/27/23 (daytonhagans): There's a fallen tree on the south shore you can walk on to get past the swampyness and access the clear water. ",6/28/26,via Druid
M3,1216.1,PCTAID_560,"Pauley Seep, 100 yards off trail, downhill.
-----------------------------------------
The side trail starts at 39.68685 -120.69349, and the seep is at 39.68587 -120.69359","07/01/26 (Lana): it does have water but hard to scoop with a bladder, so take a cup with you down.
-----
Note that the sign is facing southbound traffic so watch for a faint use trail to avoid missing it.",7/1/26,Lana
M3,1217.7,LittleJamison Creek,"Trail junction to Little Jamison Creek, 200 feet off-trail.","07/06/22 (Burglar): Creek flowing, easy to get water",7/8/22,Burglar
M3,1217.7,"WA1216
PCTAID_561",Piped spring 1/10 mile E of PCT,"06/30/26 (Sean B): Flowing well, but sadly not out of the pipe. If the stream is flowing, you might as well collect it from the stream and filter it. Save yourself the extra 600 feet and blow downs you got to cross.",6/30/26,via Druid
M3,1217.8,"WACS1216
PCTAID_563",Small pond,,,
M3,1221.4,"ATreeSpring
PCTAID_564",*A Tree spring,"07/03/26 (Mobber): went to the shorter side for water, flowing and easy to collect
06/28/26 (Agnes): Flowing
07/06/22 (Burglar): Good flow",7/3/26,Mobber
M4,1225.5,"WA1224
PCTAID_565",Small creek,"07/02/26 (Lana): flowing but shallow
07/06/22 (Burglar):  Several small creeks flowing in this area",7/2/26,Lana
M4,1225.7,PCTAID_566,Seasonal W Branch Nelson Creek,"07/02/26 (Lana): basically almost dry
06/23/26 (Shel-B): Decent Flow.",7/2/26,Lana
M4,1228.0,PCTAID_567,East Branch of Bear Trap Creek,"07/02/26 (Lana): great flow
06/28/26 (Agnes): Really good flow
07/06/22 (Burglar): Flowing well",7/2/26,Lana
M4,1228.3,PCTAID_568,West Branch of Bear Trap Creek. East Branch 3/10 mile south may be better water.,"07/03/26 (Mobber): flowing well
07/02/26 (Lana): amazing flow
07/06/22 (Burglar): Flowing",7/3/26,Mobber
M4,1230.2,PCTAID_569,Seasonal East Hopkins Seep,06/25/26 (Dermot): Scoopable but not much.,6/25/26,via Druid
M5,1233.3,PCTAID_570,"Road to Duck Soup Pond
----------------------
Follow the road approximately .3 miles south to access the pond.",05/24/26 (Sconeman): Water looks good from trail,5/24/26,via Druid
M5,1233.3,WhiskySpringTR,"Whiskey Spring trail junction, there is a small drainage .2 miles down this side trail, and the spring is at .3 miles.","07/02/26 (Lana): Hard to collect water at first source at 39.76538 -120.86041 but not impossible. Maybe there is a better water access 0.1 mile further down this side trail.
07/06/22 (Burglar): Flowing well",7/2/26,Lana
M5,1236.3,PCTAID_571,*Creek 3/10 mile S of PCT on paved Quincy-LaPorte Road.,06/22/26 (Rohan): Flowing well,6/22/26,via Druid
M5,1238.6,PCTAID_572,*Alder Spring (800 feet off trail) trail junction.,"07/04/26 (Mobber): It's a little walk to get there, but water was flowing
06/28/26 (Metrick): Flowing well
07/06/22 (Burglar):Good flow",7/4/26,Mobber
M6,1243.0,PCTAID_573,"Black Rock Spring, 3/10 mile S of Fowler Peak Trailhead along trail","06/26/26 (Willem): Stream flowing well, just go down a little further when you first hit the steam.",6/28/26,via Druid
M6,1245.1,,Seasonal Stream,06/29/26 (Agnes): flowing,6/29/26,via Druid
M6,1246.1,PCTAID_574,"Small N Fowler Creek, 1/10 mile S of PCT down short trail,","07/04/26 (Mobber): trail down is in bad shape but not too hard to get there, water is flowing, mostly in little pools but not stagnant
07/06/22 (Burglar): Flowing",7/4/26,Mobber
,"Sign for the creek is mounted parallel to the trail so be careful not to miss it. The use trail is visible, and takes you down across a road to a shady watering hole. As a south-bounder coming up from the Middle Fork on a hot day, this oasis was a welcome relief.",,,,,
M7,1251.4,PCTAID_575,"**Middle Fork Feather River, steel bridge","07/04/26 (Mobber): lots of water
06/28/26 (Echo): One of the most pleasant swims on trail so far",7/4/26,Mobber
M7,1253.8,PCTAID_575,Tributary of Bear Creek,"07/05/26 (Mobber): Bear Creek and all its tributaries are flowing very well.
06/28/26 (Echo): Tons of water
07/07/22 (Burglar): Flowing well",7/5/26,Mobber
M7,1253.8,PCTAID_576,*Bear Creek,07/07/22 (Burglar): Flowing very well,7/8/22,Burglar
M7,1254.7,PCTAID_1203,*Bear Creek,,,
M7,1255.4,PCTAID_577,Tributary of Bear Creek,"06/26/26 (Sachilu): Great flow
07/07/22 (Burglar): Very good flow",6/26/26,via Druid
M7,1259.5,PCTAID_578,Seasonal tributary of Bear Creek,06/30/26 (Bare Paw): Flowing,6/30/26,via Druid
M7,1261.4,PCTAID_579,Lookout Spring,"07/05/26 (Mobber): flowing and easy to collect
06/30/26 (Gummy Bear): Great flow and very easy to collect! 
07/07/22 (Burglar): Flowing",7/5/26,Mobber
,1265,,Seasonal Stream,06/30/26 (Bare Paw): Flowing with small pool,6/30/26,via Druid
,1267.9,HaskensStore,"Haskens Store, small store next to bed and breakfast - alt. mi 2.7",,,
,1267.9,LkshoreResort,"Lake Shore Resort, restaurant, bar, small store, https://www.lakeshorebucks.com/. - alt mi. 3.8",07/08/22 (Burglar): Some water near the road,7/9/22,Burglar
M8,1266.3,"WA1265
PCTAID_582",Seasonal spring,"07/06/26 (Mobber): not much but you could still collect here
07/08/22 (Burglar): Just a trickle",7/6/26,Mobber
M8,1266.7,"WA1265B
PCTAID_583",Seasonal spring,"07/06/26 (Mobber): not much but you could still collect here, water is very clear and looks great!",7/6/26,Mobber
M8,1267.3,PCTAID_584,Seasonal Big Creek,"07/06/26 (Mobber): pretty good flow, easier to collect than the previous two springs if you're nobo
07/08/22 (Burglar): Decent flow",7/6/26,Mobber
M9,1270.8,PCTAID_586,Bucks Creek,"07/06/26 (Mobber): flowing
08/10/22 (David H): still running clear with useable volume.   ",7/6/26,Mobber
M9,1271.2,PCTAID_587,Bucks Creek,"07/06/26 (Mobber): not as much flow as previous Bucks Creek source but you could still collect here
08/10/22 (David H): still running clear with useable volume.   ",7/6/26,Mobber
M9,1273.7,SpanishPeakTR,Spanish Peak Trail junction,"08/10/22 (David H): Spanish Peak is an excellent short side trip. Easy trail - an old jeep road to the site of a fire lookout.  There's just old foundations left, and a great view.",8/10/22,David H
,1274.9,SilverLakeTR2,"Silver Lake Trail junction 
[the lake is 2 miles E], 
large campsite nearby.","08/10/22 (David H): Silver Lake is a very quiet campground, albeit a hard two mile hike from the PCT. No piped water, trash service, or TP, but for $20 you get a picnic table, fire ring, and vault toilets. ",8/10/22,David H
M10,1277.9,PCTAID_588,Clear Creek Springs,"07/06/26 (Mobber): not a huge amount of flow but easy enough to collect at trail crossing
05/26/26 (Wind): Flowing across the trail
08/06/22 (David H): running clear at trail
07/08/22 (Burglar): Easier to get if you go past the sign to where the water crosses the trail",7/6/26,Mobber
M10,1278.4,PCTAID_589,Seasonal headwater of Clear Creek,08/06/22 (David H): still running clear at trail,8/8/22,David H
M10,1279.4,PCTAID_590,Clear Creek,"07/06/26 (Mobber): plenty of water flowing but you might have to scoop to collect
06/20/26 (Sladerback): good flow
08/06/22 (David H): running strong and perennial.",7/6/26,Mobber
M10,1279.7,"WA1278
PCTAID_591",Shallow lily pond,08/06/22 (David H): shallow lily pond still lots of water,8/8/22,David H
M11,1281.3,PCTAID_592,"Brecken Fern Spring
spring is 500 ft off trail.","08/06/22 (David H): no water at trail, I didn't go looking for it.",8/8/22,David H
M11,1283.2,"WA1282
PCTAID_593",Seasonal spring.,"06/30/26 (Metrick): Flowing, 1L/30s
08/06/22 (David H): still tricking out of iron spout, about a liter a minute maybe. Easy access.",6/30/26,via Druid
M11,1283.4,PCTAID_594,Canyon View Spring,"07/07/26 (Mobber): flowing at PCT, easy to collect, didn't go down the side trail to actual spring location
08/06/22 (David H): via short trail - running clear about 2-3 liters a minute but awkward to access. No water at trail.",7/7/26,Mobber
M11,1286.9,Belden,"Belden Town Resort
-----------------------
The resort has lodging, a small store with limited resupply options, a restaurant, and showers.",07/09/22 (Burglar): Spigot is on,7/11/22,Burglar
N1,1289.6,PCTAID_596,"Indian Creek, large wooden footbridge.","07/07/26 (Mobber): lots of water
06/01/26 (Gremlin): Good flow
06/16/24 (David H): the Little Indian Creek Bridge has been replaced and the trail is no longer closed.  
07/09/22 (Burglar): Bridge has burned down but water is easy to cross at the moment on what's left of it",7/7/26,Mobber
N1,1290.7,"WA1289
PCTAID_597",Small creek,"06/29/26 (Alexandra): Good flow
06/16/24 (David H): flowing enthusiastically
07/09/22 (Burglar): Good flow",6/29/26,via Druid
N1,1292.2,"WA1291
PCTAID_598",Small seasonal creek.,"06/30/26 (Metrick): Flowing well with a small, deep pool.
06/16/24 (David H): flowing enthusiastically",6/30/26,via Druid
N1,1293.5,PCTAID_599,Seasonal Rattlesnake Spring,"07/07/26 (Mobber): flowing
07/09/22 (Burglar): Flowing pretty well, multiple liters per minute",7/7/26,Mobber
N1,1293.8,"WA1292
PCTAID_600",Creek,"07/07/26 (Mobber): flowing
07/09/22 (Burglar):  Lots of water",7/7/26,Mobber
N1,1294.1,"WA1292B
PCTAID_601",Creek,07/09/22 (Burglar): Flowing great,7/11/22,Burglar
N1,1294.4,PCTAID_602,"William's Cabin site, small creek nearby.","06/13/26 (Mosey): flowing well
07/09/22 (Burglar): Easy to get water",6/13/26,via Druid
N1,1294.8,PCTAID_603,Chips Creek tributary,07/10/22 (Burglar): Flowing very well,7/11/22,Burglar
N1,1295.3,PCTAID_604,"Myrtle Flat, small stream nearby.",07/10/22 (Burglar): Flowing,7/11/22,Burglar
N2,1296.7,"WA1295
PCTAID_605",Large creek,"06/30/26 (Metrick): Large stream, excellent flow
07/10/22 (Burglar): Flowing",6/30/26,via Druid
N2,1297.1,"WA1295B
PCTAID_606",Small creek,,,
N2,1297.3,PCTAID_607,"*Chips Creek Bridge, large creek. ",07/08/26 (Mobber): lots of water,7/8/26,Mobber
N2,1297.5,PCTAID_608,"Chips Creek, 2nd crossing, large creek.","07/02/26 (Portrait): Flowing, easy dry crossing upstream.",7/2/26,via Druid
N2,1297.6,"WA1296
PCTAID_609",Small creek,,,
N2,1298.3,"WA1297
PCTAID_610",Small creek,,,
N2,1298.7,PCTAID_611,Creek,,,
N2,1298.8,PCTAID_612,Creek,06/30/26 (SNT): Great flow,6/30/26,via Druid
N2,1301.1,PCTAID_613,Andesite Spring,"07/08/26 (Mobber): I didn't see any water.
07/02/26 (RocketSauce): Great flow",8/8/26,Mobber
N2,1302.5,PCTAID_614,"Frog Spring
----------------
There is a spring 200ft up a side trail marked by a sign. 50 ft further NOBO on the PCT, Frog Creek may or may not be running across the trail.","07/08/26 (Mobber): flowing across PCT, not a huge amount of water but you can still collect here
06/29/26 (Wil J): Frog Creek flowing across the PCT
06/27/26 (Wil J): Flowing well
07/10/22 (Burglar): Slow trickle, can get water if you are patient, some sediment",7/8/26,Mobber
N3,1306.9,PCTAID_615,*Cold Springs,"07/08/26 (Mobber): water gushing into trough
07/01/26 (Metrick): Excellent flow from the pipe, full trough.",7/8/26,Mobber
N4,1314.7,PCTAID_616,"Trail junction near sign on tree, 3/10 mile off trail East of the PCT to Robbers Spring near Cub Creek. ","07/09/26 (Mobber): it's a little walk down but water is flowing, not a huge flow but plenty enough to collect at this time
06/15/26 (Mosey): flowing
07/10/22 (Burglar): Water at Robbers Spring",7/9/26,Mobber
N4,1317.3,"TR1316
PCTAID_617","Trail junction to a spring, 200’ elevation loss and 3/10 mile off-trail West of the PCT to Little Cub Spring","07/01/26 (Metrick): Flowing with deep pools.
07/10/22 (Burglar): Decent flow",7/1/26,via Druid
N5,1319.0,PCTAID_618,"Seasonal Carter Creek, ~0.5 mile N of PCT
Walk downhill (north) ½ mile to a wooden sign (WATER and an arrow) points to the water source.",06/22/26 (Zoidberg): Found some standing pools by the campsite but no flow. Did not explore further.,6/22/26,via Druid
"6/1/16 (Fat Sectioner) : Currently, Carter Creek is at the point where the trail crosses Carter creek, 350 feet or so past the campsites.  If one follows the path past that, it crosses another (unnamed) creek that will later join Carter creek and have a much more substantial combined flow. To put that in a mileage log format: 
     * 0.0 miles: Leave PCT
     * 0.4 miles: Campsite
     * 0.45 miles: Carter Creek Crossing
     * 0.5 miles: Unnamed Creek Crossing
     * 0.6 miles: Confluence of two creeks 100 feet to the west of the trail 40.2027,-121.4178
     * 0.7 miles: Permanent (aka more than seasonal) creek about 50 feet to the west of the trail 40.2042,-121,4166",,,,,,
N6,1329.5,PCTAID_619,*Soldier Creek,"07/09/26 (Mobber): strong flow
06/23/26 (Sladerback): flowing very well
07/11/22 (Burglar): Flowing well",7/9/26,Mobber
N6,1331.6,PCTAID_620,"Wooden footbridge over seasonal part of Soldier Creek, often dry.","07/03/26 (Portrait): There is a bridge here over a marshy area, with lots of cows grazing nearby. You wouldn’t want to drink the water, both because of its marshy nature and the cows, but you also don’t have to get your feet wet, since the marsh is currently not flooding the areas before or after the bridge.
05/29/21 (smash4920): bone dry. water is flowing at mm1328.0.",7/3/26,via Druid
,"8/27/17 (Rocky & Peaks) : Warner Valley Campground at Mile 1347.8 has bear boxes for your food. 
08/11/16 (LVNPS): Bear Canisters are required by law when overnight camping in Lassen National Park. https://www.nps.gov/lavo/learn/news/bear-canisters-required.htm",,,,,
,1332.8,Chester,"Town, 7.5 miles E on Hwy 36",,,
N7,1336.2,PCTAID_622,*Stover Spring,"07/10/26 (Mobber): water flowing among weeds, mosquitoes
07/05/26 (Lana): There is a creek and a pond here
07/11/22 (Burglar): Strong flow from pipe
07/11/21 (Scout): flowing steady, cold & clear, -1L/min",7/10/26,Mobber
N8,1342.2,PCTAID_623,"**North Fork Feather River, footbridge.","07/11/26 (Mobber): lots of water
07/05/26 (Lana): strong flow! Easy access under the bridge
07/11/22 (Burglar): Easy to get water",7/10/26,Mobber
N8,1342.9,PCTAID_624,"Domingo Spring trail junction, spring is 3/10 mile off-trail.","05/26/21 (andy): great flow
",6/4/21,via DevilFish
,1343.5,,Swamp,07/05/26 (Lana): this is a swamp looking like a lake on the map,7/5/26,Lana
N9,1347.8,PCTAID_625,"Boundary Spring, 400 feet off-trail.","07/05/26 (Lana): water, but shallow
07/12/22 (Burglar): Got water here",7/5/26,Lana
N9,1348.0,,Willow Lake,"07/05/26 (Lana): looks like a huge swampy meadow, the creek is stagnant, not flowing",7/5/26,Lana
N9,1351.4,PCTAID_626,Hot Springs Creek,"07/11/26 (Mobber): lots of water
06/04/26 (Gremlin): Great flow",7/11/26,Mobber
N9,1351.5,PCTAID_627,"Warner Valley trailhead parking, water spigot, outhouse, picnic tables, trash cans. Drakesbad Resort is 4/10 mile west via the road.","07/11/26 (Mobber): Water from a spring flows across the PCT less than a 100 feet nobo of the campground.
07/07/26 (Lana): the spigots are working but the taste is disgusting even after filtering
06/30/26 (Preston): Water available at spigots at campsite. I asked front desk and spigots with red faucet are potable, grey faucet are non potable.
07/09/22 (Devilfish): hikers are recommended not to use the water spigots at warner valley campground... .... apparently the Dixie Fire compromised the water system in the area.",7/11/26,Mobber
N9,1351.1,PCTAID_628,"Drakesbad Resort, creek across PCT 50' N of campground",,,
N10,1354.3,PCTAID_629,Kings Creek,"07/11/26 (Mobber): lots of water flowing, tricky rock hop, logs upstream
07/07/26 (Lana): Great flow, no bridge, but there are logs upstream to cross
06/19/26 (Bloodsport): Water flowing well. 
07/13/21 (Scout): Excellent flow, wide stream & easy collection",7/11/26,Mobber
N10,1355.7,PCTAID_630,"Grassy Swale Creek
-------------------------
After the PCT crosses Kings Creek, it follows Grassy Swale Creek for approximately 3 miles, with multiple access points. The trail crosses Grassy Swale Creek at this mile marker.","07/11/26 (Mobber): strong flow, plenty of water
07/07/26 (Lana): awesome flow
07/04/26 (Snow): Flowing
07/13/21 (Scout): steady flow where trail crosses. Some green growth. ",7/11/26,Mobber
N10,1358.5,PCTAID_631,Swan Lake.,"07/11/26 (Mobber): lots of water, but I couldn't see any  spot for easy collection from the PCT",7/11/26,Mobber
N11,1359.0,PCTAID_632,**Lower Twin Lake,"07/11/26 (Mobber): lots of water, mosquitoes
07/04/26 (Felix): Has water, good spot for swimming
07/12/22 (Burglar): A few pretty easy places to stand on rocks and scoop water from the lake
07/13/21 (Scout): able to collect from shore using scoop. Recommend filtering as family of geese living on the lake",7/11/26,Mobber
N12,1363.1,,Stream leaving Badger Flat,,,
,1364.9,,Stream,"07/11/26 (Mobber): easy flow but plenty of water
07/07/26 (Lana): Gently flowing
07/04/26 (Snow): Flowing through the metal culvert you walk across",7/11/26,Mobber
N13,1370.1,PCTAID_634,*Hat Creek,"07/11/26 (Mobber): lots of water, a short walk from the sign/dirt road but closer access a mile nobo near campsites
06/12/26 (Sweeping Beauty): Trail for blue line alternate to water signed, but not visible. Unused, overgrown due to burn. Didn't depend on this trail for a water source.
07/12/22 (Burglar): Flowing well
08/06/21 (Mike): good
07/13/21 (Scout): large creek with strong steady flow and easy collection, 2L+/min",7/11/26,Mobber
N13,1371.1,,Hat Creek access,"07/07/26 (Lana): hat creek tributary is not flowing, but the main creek is
07/03/26 (Wil J): Water flowing strong",7/7/26,Lana
,1375,Hat Creek Resort,"Hat Creek Resort
----------------
The resort has camping, laundry and showers, and a small store","07/07/26 (Lana): The Hat Creek resort has a working spigot for hikers at the right side of the ""ice cream building "" as well as electrical outlets outside. They don't allow hikers to use the bathroom though.",07/07/26,Lana
N14,1378.8,OldStation,"Old Station
-----------------------------
Exit the trail at Highway 44 turn left toward highway 89 as though heading toward JJ’s. Just before 89 turn left on a paved forest service road that cuts over to 89. Visitor Center on the right has water fountains and outhouses. If going to JJ’s anyway, easier to water here than off-trail at Subway. ","07/11/26 (Mobber): The gas station has free tent sites out back, a hiker box and allowed water and charging when I resupplied.
07/07/26 (Lana): drinking fountain at the Visitor Centre is not working
",7/7/26,Lana
,08/11/16 (LVNPS): Bear Canisters are required by law when overnight camping in Lassen National Park. https://www.nps.gov/lavo/learn/news/bear-canisters-required.htm,,,,,
N14,1379.0,PCTAID_637,"Subway Cave, water fountain, outhouse, paved parking area nearby. ","07/07/26 (Lana): water is flowing from the spigot under the fountain, so bring your cup
07/04/26 (SNT): Spigot is on
08/06/21 (Mike): from the tap, running
-----
The local Forest Service ranger is having trouble with hikers camping at Subway Cave. Absolutely no camping at Subway Cave.",7/7/26,Lana
,"03/17/26 (Rob D): Hat Creek Rim between miles 1381-1384. No snow from Old Station up to the rim. No snow on the rim. Trail is clear, dry, hot, exposed and dusty. Water at Mud Lake. Water at Plum Creek. Lower stretch of Plum is stagnant and pooled. Upstream of trail crossing is a small flow. I didn’t investigate Lost Creek or the Lost Creek spring. I don’t have intel on the status of the caches. I’m guessing Plum Creek will go dry in the next few weeks given the heat wave here and lack of snow. If you are planning to section through this area, consider going early.",,,,,
N15,1387.0,PCTAID_638,"Trail to Lost Creek Spring, 3/10 mile off-trail and ~388ft descent
-----
We are especially interested in water reports about this location. Please send info.","07/08/26 (Lana): I didn't go down to check, but i could hear water running in the canyon
06/25/26 (Slow Lane): Flowing well, cold n delicious
06/03/22 (Old Yeller): Did not check Lost Creek Spring, probably OK. Lost Creek 1386.3 is bone dry. 
05/14/22 (alaine): The creek (down the side trail)  is flowing very well, where the creek crosses the road, it's bone dry.    
02/17/22 (jmichaelian): Creek crosses the trail just north of here. Plenty of water flowing. 
07/20/21 (Workshard): great water
07/18/21 (Sam): Great cold clear water. Trail down gets ya the vert the last bit of trail didn't provide
",7/8/26,Lana
N17,1395.1,Road22,"Cache 22 (~200 feet west of trail on road)
-----
Some hikers confused by the presence of a very large empty tank.The correct tank is at the northeast corner of the corral which is the closest corner to the PCT. It is hidden behind a wooden wall and protected from water thieves.
","07/12/26 (Mobber): Meter indicates tank is at about 60 percent capacity.
07/08/26 (Lana): Cache and tank are full
06/18/26 (Nicola): Tank full
07/13/22 (Burglar): Cache had water
06/03/22 (Ultra): Good cold water.  Orange 2:40, Green 5:50.  
08/07/21 (Mike): had water, if guage were a minute hand it would be at about :27.
07/25/21 (Workshard): Cache refilled on 7/22",7/12/26,Mobber
N17,1397.2,GT1396,"Pipe Gate & Ponds
-----
Devilfish : As for the ponds, one of them (a cattle pond) is directly on trail 0.2 miles south of GT 1396 and the other two (usually clearer) are 0.2 and 0.4 miles north of the gate, respectively - 0.1 miles east of it, but you can see them from the trail.","07/08/26 (Lana): there is a pond with water here, lots of algae, soon becoming a bog
06/08/26 (HoneyB): Still water in the ponds. The ones at this marker are much clearer. The one SoBo from this marker is clearly a cattle pond.
05/27/21 (latebloomhiker): Cow Pond, Only if you’re desperate",6/8/26,via Druid
N18,1404.6,CasselFallRiverRD,"Paved Cassel Fall River Road
-----     
(sometimes there is a cache here)","07/12/26 (Mobber): about 18 gallons cached nobo of road
07/08/26 (Lana): lots of water
07/05/26 (Need to Feed): Close to 50 gallons cached
06/04/22 (Old Yeller): new water cache 100 ft off of Cassell Fall River Road. It is a small metal box that holds about 12 gallons but was almost empty on 06/04/22.",7/12/26,Mobber
N19,1408.4,PCTAID_639,Small Rock Spring Creek,"07/12/26 (Mobber): not small today, hard to rock hop without getting feet wet, probably easier collection from the sobo side
07/08/26 (Lana): strong flow, be careful barefoot - saw some snakes in the water
06/21/26 (Bloodsport): Good flow, good water. 
07/14/22 (Burglar): Good flow in the creek, lots of Poison Oak nearby
08/07/21 (Mike): beautiful, great flow. The first live water since mm1369.7
07/21/21 (Workshard): strong flow. Many gal/min.
07/16/21 (Scout): great flow, easy collection nice shady spots for a break ",7/12/26,Mobber
N19,1408.6,PCTAID_640,Hiker bridge over Hat Creek,"07/08/26 (Lana): river! Easy access to water under the bridge
07/16/21 (Scout): excellent flow, swimming ",7/8/26,Lana
N19,1408.7,PCTAID_641,"Crystal Lake Fish Hatchery, 300 feet E of trail, water.","
-----
Per Fish & Wildlife employee at Hatchery, non-potable is available.  All residents are on bottled water.  Use filter & it’s okay.  Walk past fish rearing areas down to Administrative Office.  On rear is hose bib with plenty of flow; bathrooms by fish pens are nearly unusable.",,
N19,1409.2,PCTAID_642,Pass near a lake.,"07/08/26 (Lana): full of water
07/16/21 (Scout): nice big lake - picnic area with lake access to the SE 
08/05/20 (acab): Best spot to fill up may be by dam between Baum Lake and Crystal Lake. Both are highly vegetated with aquatic plants.",7/8/26,Lana
N20,1416.9,"RD1415
PCTAID_1205","Arkright Spring, near RD1415, unpaved road","06/05/22 (Ultra & Old Yeller): Raging Spring after .4 mile decent.
08/06/21 (Sparkles): Arkright Spring, which is located near Rd1415 which is near Lake Britton. It has a side trail to it off the PCT with a sign.
https://www.facebook.com/photo/?fbid=4221972044506064&set=oa.828800838001750",6/6/22,Ultra & Old Yeller
N20,1417.4,PCTAID_645,Rim of the Lake Spring trail junction (1/4 mile off-trail). ,06/15/26 (Sweeping Beauty): Flowing strong!,6/15/26,via Druid
N20,1419.7,PCTAID_646,Hiker bridge over Burney Creek (usually dry).,"07/09/26 (Lana): easy water access here from Headwaters Trail
06/28/26 (David): A local who gave me a hitch explained that this creek only flows above ground during the peak of the melt. But this is still the creek that flows over the falls. The majority of it is underground.
06/05/22 (Ultra & Old Yeller): Bone Dry",7/9/26,Lana
N20,1420.6,PCTAID_648,"Junction to Burney Falls State Park campground. Camping, showers, store, and spigots available.

Take this junction to see Burney Falls, a highlight of this section, which is not visible from the PCT itself.","07/09/26 (Lana): water spigot at the park entrance is working. Second spigot is easier to fill bottles from.
06/05/22 (Ultra & Old Yeller): Water spouts on. In campground, showers open and a general store 9-6
08/08/21 (Mike): tap on",7/9/26,Lana
O1,1422.4,PCTAID_649,PCT crosses Lake Britton Dam on a paved road.,"07/09/26 (Lana): Very hard to get water from the eastern shore as the water level is too low. There is a trail going down to water on the western shore. Steep but not as steep as on the eastern shore. The water is not clean, lots of pollen and flower leaves. Better bring water from the park spigots.
06/05/22 (Ultra & Old Yeller): Stairs open to River.
-----
Best access on S side downstream via stairs.",7/9/26,Lana
O1,1426.0,PCTAID_650,*Cross Rock Creek on a wood bridge.,"07/14/26 (Mobber): lots of water, strong flow
07/10/26 (Lana): great flow
07/04/26 (Metrick): Large creek, excellent flow. Raging waterfall just downstream.
07/15/22 (Burglar): Lots of water flowing
06/05/22 (Ultra & Old Yeller): Raging Stream, Great Shade Under Bridge
08/08/21 (Mike): great",7/14/26,Mobber
O2,1429.4,PCTAID_651,"Upper Jake Spring
At trail to left down to spring, 0.17 miles off trail and 111 feet down.
The Trail to Upper Jake spring starts at 41.03169 -121.75036. The spring is at 41.03061 -121.75141.","07/10/26 (Lana): Water flow is shallow and lots of bees around
07/20/21 (Roadwalk): flowing .5 L min",7/10/26,Lana
O2,1430.2,PCTAID_652,"Screwdriver Creek, 1/10 mile off trail.","07/04/26 (Metrick): Flowing with a large pool.
08/09/21 (Mike): small, but good
07/22/21 (Workshard): flowing well",7/4/26,via Druid
O2,1434.2,PCTAID_653,Seasonal Peavine Creek,"07/15/26 (Mobber): good flow, as you head nobo water located in the bushes to the right just off second road crossing
07/10/26 (Lana): absolutely dry where trail crosses the creek. But there is water access here and it's flowing 41.06012 -121.78501
07/16/22 (Burglar): Flowing water
06/06/22 (Old Yeller): Creek is good, use the pond next to the trail. (Ultra & Old Yeller): Great water. 
07/22/21 (Workshard): This is a large pool of cold clear water. Can't see it flowing, but it must be. No sign of stagnation or algae.",7/15/22,Mobber
O3,1437.2,,Seasonal Spring,"07/10/26 (Lana): dry
06/06/22 (Old Yeller): Spring is flowing at 1L/min",7/10/26,Lana
O3,1438.4,PCTAID_654,"Clark Spring, 1/10 mile off trail.","07/10/26 (Lana): dry
06/21/26 (Leda): Nice flow, deep pool to collect from.
06/06/22 (Old Yeller): Spring has water. (Ultra & Old Yeller): good flow visible from trail. Did not hike to source  
07/20/21 (Roadwalk): flowing 4L/min",7/10/26,Lana
O3,1440.4,PCTAID_655,Deadman Creek,"06/17/26 (Shakespeare): Good water source
07/16/22 (Burglar): Water is 0.1 east on unpaved road",6/17/26,via Druid
O3,1442.0,PCTAID_656,"Kosk Spring, 2/10 mile off-trail at 41.13389 -121.77308","07/15/26 (Mobber): good flow, fast collection
07/10/26 (Lana): flowing
07/04/26 (Metrick): Flowing well, cold and clear.
06/06/22 (Ultra & Old Yeller): Great Flow Excellent Water. Logging Operations Occurring mm1440 ~ mm1443, at time trail is obscured.  Look for flagging or when in doubt go straight. 
08/09/21 (Mike): Small but Great! Filled bottles from small rivulet, 1 liter in 6 sec. Nice and cold!",7/15/26,Mobber
O4,1445.4,,Seasonal Stream,"07/11/26 (Lana): dry
06/06/22 (Ultra & Old Yeller): Muddy Green Water. Only use if desperate.",7/11/26,Lana
O4,1448.8,PCTAID_657,Moosehead Creek,"07/11/26 (Lana): very good flow but overgrown
06/11/26 (Frozengogo): Flowing nicely
06/06/22 (Ultra & Old Yeller): path to stream overgrown w/ lots of deadfall. Stream is running. 
08/09/21 (Mike): Cold, deep enough to dunk a bottle.
07/18/21 (Scout): Dry at trail crossing - could hear water below",7/11/26,Lana
O4,1449.2,PCTAID_658,"Headwaters of Moosehead Creek, better water 4/10 mile back.","07/16/26 (Mobber): a little more than a strong trickle flowing from a leaf spout, about one liter per 30 seconds
07/11/26 (Lana): shallow flow right across the trail
07/05/26 (Metrick): Flowing, easy collection, directly on the trail.
07/16/22 (Burglar): Water flowing well at trail
06/06/22 (Ultra & Old Yeller): stream crossed trail. Running well.
08/09/21 (Mike): Dry
",7/16/26,Mobber
O5,1456.3,PCTAID_659,Star City/Alder Creek junction,06/15/26 (Memento): a clear pool of water and flowing clear water. 2 Liters per minute,,
O6,1459.7,PCTAID_660,"Gold Creek trail junction, creek is 2/10 mile off trail.","07/04/26 (Rocky): flowing
07/13/22 (Chef): good flow ~4L/min. Look for Little Rock pile on left side of dirt road to find the creek 
08/10/21 (Mike): Just a wet spot when you first come to creek. Go 20' downstream and there's a small pool to dip from.
07/23/21 (Workshard): flowing, but scoop needed",7/4/26,via Druid
"To access, go up the Gold Creek trail from the PCT, cross a forest road, follow another road about 0.15 miles to just before where it dips and turns to the right after and old ""ramp"" on the right side covered in bushes. Exit the road to the left toward the stand of conifers and go down the embankment to the creek.",,,,,,
O6,1461.1,,Seasonal stream,"07/16/26 (Mobber): It's still trickling, you could collect here but it might take a few minutes.
07/11/26 (Lana): Trickling
07/06/26 (Circus Act): Cold & flowing 
07/16/22 (Burglar): flowing less than 1L/min but easy to fill and right on trail
06/07/22 (Ultra & Old Yeller): 1L/Min",7/16/26,Mobber
O6,1463.1,PCTAID_661,Deer Creek Spring,"07/13/26 (Lana): I hear from the trail that water is running
07/04/26 (Rob N): Still good
07/17/22 (Burglar): Flowing
06/07/22 (Ultra & Old Yeller): Flowing
08/10/21 (Mike): Flowing nicely.",7/13/26,Lana
O6,1464.1,PCTAID_662,Deer Creek,"07/16/26 (Mobber): flowing, plenty of water
07/13/26 (Lana): yes! Good flow!
07/05/26 (Metrick): Flowing well, large pool.
07/17/22 (Burglar): Flowing water
06/07/22 (Ultra & Old Yeller): Wonderful Flowing Water
08/10/21 (Mike): Dry",7/16/26,Mobber
O6,1465.2,PCTAID_663,Another branch of Deer Creek.,"07/16/26 (Mobber): plenty of water
07/12/26 (Lana): flowing
07/17/22 (Burglar): Lots of water flowing
06/07/22 (Ultra & Old Yeller): Large Flow. 
08/10/21 (Mike): great!",7/16/26,Mobber
O6,1465.5,Stream,Seasonal stream,"07/17/26 (Mobber): flowing
07/17/22 (Burglar): Small flow just off trail",7/17/26,Mobber
O6,1468.3,PCTAID_664,Small tributary of Butcherknife Creek,"07/12/26 (Lana): flowing well
07/05/26 (Metrick): flowing
07/17/22 (Burglar): Flowing
06/07/22 (Ultra & Old Yeller): calming stream flowing 2-3 L per min
08/10/21 (Mike): flowing well. And another just past it.",7/12/26,Lana
O6,1468.6,PCTAID_665,Butcherknife Creek,"07/17/26 (Mobber): flowing
07/12/26 (Lana): good flow
06/20/26 (HoneyB): Amazingly strong flow!
07/17/22 (Burglar): Strong flow
08/10/21 (Mike): great!",7/17/26,Mobber
O6,1468.8,"WA1467
PCTAID_666",Small spring,"07/17/26 (Mobber): flowing
07/12/26 (Lana): flowing",7/17/26,Mobber
O6,1469.0,"WA1467B
PCTAID_667",Small creek,"07/17/26 (Mobber): flowing
07/12/26 (Lana): flowing
07/17/22 (Burglar): Small flow
06/07/22 (Ultra & Old Yeller): Gentle flowing  stream about 2L per min",7/17/26,Mobber
O6,1469.3,"WA1468
PCTAID_668",Creek,"07/12/26 (Lana): flowing
07/17/22 (Burglar): Flowing
06/07/22 (Ultra & Old Yeller): Flowing about 3 L per min",7/12/26,Lana
,1470.3,,Strider Creek,"07/12/26 (Lana): very slowly trickling, basically dry
06/20/26 (HoneyB): Flowing slowly, bit still collectable.
06/07/22 (Ultra & Old Yeller): Small Trickle. About .5L per min",7/12/26,Lana
O7,1472.5,PCTAID_670,"**McCloud River, large wooden bridge. Watch for Poison Oak near the McCloud River.","07/17/26 (Mobber): lots of water
07/12/26 (Lana): flowing very well
06/21/26 (Rayork): Good flow
06/07/22 (Ultra & Old Yeller): Raging Spring River ",7/17/26,Mobber
O7,1474.2,"WA1473
PCTAID_671",Small spring,"07/12/26 (Lana): flowing
07/05/26 (Metrick): flowing
06/07/22 (Ultra & Old Yeller): small Trickle .5-1L per min
07/20/21 (Scout): small steady flow across trail cascade just upstream to collect ",7/12/26,Lana
O7,1474.7,PCTAID_672,Fitzhugh Gulch Creek,"07/17/26 (Mobber): flowing well
07/12/26 (Lana): good flow
07/05/26 (Metrick): flowing well
07/17/22 (Burglar): Good flow
06/07/22 (Ultra & Old Yeller): Steady Flow of 2-3L/min.  For the next few Miles there may be a lot of poison oak(unless I misidentified it)",7/17/26,Mobber
O8,1482.9,PCTAID_673,Trough Creek,"07/17/26 (Mobber): good flow
07/13/26 (Lana): good flow
07/05/26 (Metrick): Excellent flow.
07/17/22 (Burglar): Flowing well
06/08/22 (Ultra & Old Yeller): Flowing Well
07/20/21 (Scout): steady flow, clear pools for easy collection ",7/17/26,Mobber
O8,1483.4,PCTAID_674,West Trough Creek,"07/13/26 (Lana): flowing
07/05/26 (Rocky): flowing
07/17/22 (Burglar): Flowing
06/08/22 (Ultra & Old Yeller): Flowing 2L per minute
07/20/21 (Scout): excellent cold clear flow across trail. At least 2L/min. Nice campsite just south ",7/13/26,Lana
O8,1486.2,PCTAID_675,"*Yét Atwam Creek, Yét Atwam trailhead trail junction nearby - camping and pit toilet.","07/17/26 (Mobber): lots of water
07/13/26 (Lana): cold water, access from the western side
07/06/26 (Starship): flowing
07/17/22 (Burglar): Great flow
06/08/22 (Ultra & Old Yeller): excellent Flow, Best spot, is .2 Miles up the River trail where you can sit under a bridge or the shade of the trees. 
07/20/21 (Scout): steady cold clear flow & easy access up trail 100ft or so towards trailhead. Excellent swimming, pit toilet at trailhead.2 from PCT junction.",7/17/26,Mobber
O9,1495.5,PCTAID_676,South Fork of Fall Creek,"07/18/26 (Mobber): good flow, a little more than a trickle from a leaf spout
07/06/26 (Dandelion): flowing 6s/L
07/18/22 (Burglar): Flowing well at trail
06/08/22 (Ultra & Old Yeller): perfect for Filling. Steady flow 2 Ml per minute. Just put your squeeze underneath.",7/18/26,Mobber
O9,1496.4,PCTAID_677,North Fork of Fall Creek,"07/18/26 (Mobber): plenty of water, more than South Fork 
07/06/26 (Metrick): Flowing well.
07/18/22 (Burglar): Water flowing",7/18/26,Mobber
O9,1501.8,"WA1500
PCTAID_678",Small spring,"07/18/26 (Mobber): flowing
06/24/26 (PatHikes): Flowing
07/21/21 (Scout): essentially dry - mud where crosses trail",7/18/26,Mobber
O9,1502.4,PCTAID_679,Cross a bridge over Soda Creek,,,
O9,1502.4,PCTAID_680,Cross bridge over Sacramento River,06/08/22 (Ultra & Old Yeller): Lots and Lots of Water. I would be worried if this went dry!,6/8/22,Ultra & Old Yeller
,1502.7,Castella,2.0 miles SW of PCT on I-5,,,
,1502.7,Dunsmuir,5.5 miles N of PCT on I-5,,,
,1502.7,Mount Shasta,13.2 miles N of PCT on I-5,,,
P1,1504.3,PCTAID_683,Fern Springs,"07/18/26 (Mobber): flowing
07/07/26 (Gentle Rain): Good flow.
07/19/22 (Burglar): Small flow",7/18/26,Mobber
P1,1506.0,PCTAID_684,Indian Springs Creek,"07/15/26 (Lana): two creeks with very good flow
07/19/22 (Burglar): Good flow",7/15/26,Lana
P1,1506.2,PCTAID_685,"Winton Canyon Creek, wooden bridge.","07/15/26 (Lana): flowing well
07/19/22 (Burglar): Water flowing but no easy access to it",7/15/26,Lana
P1,1506.4,PCTAID_686,Indian Creek,"07/15/26 (Lana): flowing well
07/06/26 (Dandelion): Pools and falls. Fills instantly.
07/19/22 (Burglar): Lots of water",7/15/26,Lana
P1,1508.7,PCTAID_687,East Fork of Sulphur Creek,"07/15/26 (Lana): flowing amazing
07/19/22 (Burglar): Flowing
07/14/22 (Chef): good water source
07/22/21 (Scout): flowing strong, clear. Easy collection ",7/15/26,Lana
P1,1509.1,PCTAID_688,West Fork of Sulphur Creek. The east fork is often better.,"07/15/26 (Lana): good flow!
07/07/26 (Metrick): flowing
07/22/21 (Scout): trickle & pools, recommend E Fork",7/15/26,Lana
P1,1510.7,,Popcorn Spring,"07/15/26 (Lana): flowing
07/07/26 (Painter): Good flow. Clear water. Fill bottle in a few seconds ",7/15/26,Lana
P1,1511.6,PCTAID_689,Seasonal Burstarse Creek,"07/15/26 (Lana): slow flow but with water pools and clean water
07/07/26 (DW): Good flow.
07/19/22 (Burglar): Water in pools, very slight flow
07/14/22 (Chef): good water source
07/22/21 (Scout): light flow with clear pools, scoop is helpful ",7/15/26,Lana
,1512.1,,Seasonal Stream,"07/15/26 (Lana): slowly flowing with water pools
",7/15/26,Lana
P2,1512.8,"TR1511
PCTAID_690",Trail junction to a small spring,"07/15/26 (Lana): completely dry river bed
07/07/26 (Painter): Still flowing, but requires a few hundred feet hike off trail 
07/24/21 (David H): I met a guy coming back with a full water bottle before I got far. Nice Campsites nearby.",7/15/26,Lana
P2,1516.8,PCTAID_691,North Fork Spring,"07/15/26 (Lana): flowing and in shade
07/07/26 (Theo): flowing
07/20/22 (Burglar): Trickling
07/15/22 (Chef):  ~1L/min, nice cold water
07/22/21 (Scout): Dry",7/15/26,Lana
P2,1517.7,PCTAID_692,Gully Spring,"07/15/26 (Lana): flowing but very slowly and muddy
07/07/26 (Sachilu): Barely trickling in an unappetizing mud puddle
07/20/22 (Burglar): Flowing several L/min just uphill
07/23/21 (David H): Gully Spring is THE place. 2L/minute flow, lots of mud on the trail so you don't miss it, and no more water Nobo on trail for at least 12 miles.
07/22/21 (Scout): steady, cold & clear trickle direct from ground, about.5L/min. Walk uphill about 20ft from mud across trail. Pitcher plants grow here!",7/15/26,Lana
P3,1523.4,"WA1522
PCTAID_693",Spring 1/3 mile off-trail,"06/24/26 (Scissors): Flowing, about 2L per minute. About 30 blowdowns on the way, but they’re all easy step overs.",6/24/26,via Druid
P3,1528.1,PCTAID_694,Picayune Spring trail junction. Spring is 800 feet off-trail.,,,
P4,1530.5,PCTAID_695,White Ridge Spring,"07/07/26 (Metrick): Cold, clear flow from the spout adjacent to the trail.
07/20/22 (Burglar): Flowing
07/15/22 (Chef): ~3L/min, nice cold spring water
08/09/21 (Old Yeller): good flow 2L/min, second collection spot also 30' below trail
07/23/21 (Scout): ice cold steady flow direct from ground on downhill side of trail, ~2L/min. We found a scoop useful.",7/7/26,via Druid
P4,1532.8,PCTAID_696,Porcupine Lake trail junction. Lake is 2/10 mile W of PCT.,"07/21/26 (Mobber): good water flowing, not too far down from PCT",7/21/26,Mobber
P4,1532.2,Toad Spring,Toad Spring just off trail,"06/25/26 (Scissors): Good flow, easy to collect 
08/31/24 (Alaine A): flowing
07/20/22 (Burglar): Signed Toad Spring just off trail, flowing and easy to get water",6/25/26,via Druid
,1535.4,Shasta View Spring,,"07/08/26 (Theo): Dry
08/31/24 (Alaine A): There's water flowing, it's not very fast, but there's good water there.
08/09/21 (Old Yeller): bone dry",7/8/26,via Druid
P5,1536.6,PCTAID_697,Red Rock Spring,07/21/26 (Mobber): I saw flowing water from the trail,7/21/26,Mobber
P5,1538.2,PCTAID_698,**Deadfall Lake,"07/21/26 (Mobber): lakes have water and the creek is flowing well
06/27/26 (ShoeGoo): Creek between lakes is flowing
07/20/22 (Burglar): Lake has water. 2 signs for Deadfall Creek, south one is dry but north has flowing water",7/21/26,Mobber
P5,1538.9,PCTAID_699,Seasonal Spring above Deadfall Creek,"07/21/26 (Mobber): flowing but didn't look too easy to collect
06/28/26 (Leda): Good flow
07/21/22 (Burglar): Flowing
08/09/21 (Old Yeller): excellent flow 3L/min
07/24/21 (Scout): excellent flow across trail  & cascade for easy collection. At least 1L/min",7/21/26,Mobber
,1539.7,,Seasonal stream,"07/21/26 (Mobber): flowing, not a huge amount of water but easy enough to collect
06/29/26 (Courtney M): flowing well",7/21/26,Mobber
,1544.6,,Seasonal stream,07/17/26 (Lana): flowing,7/17/26,Lana
P6,1547.5,PCTAID_700,Seasonal headwaters of Chilcoot Cr,"07/21/26 (Mobber): very slow flow and very shallow pools but still able to collect
07/17/26 (Lana): there are water pools and very slow flow in the creek
07/08/26 (Metrick): Gentle, shallow flow 200' nobo at the pools. Can still collect just upstream.
07/16/22 (Chef): ~1L/min",7/21/26,Mobber
P6,1549.5,,Bull Lake,07/17/26 (Lana): full of water,7/17/26,Lana
P6,1551.2,PCTAID_701,Seasonal headwaters of Little Trinity River,"07/21/26 (Mobber): nice flow and easy to collect
07/17/26 (Lana): flowing
07/08/26 (Metrick): Flowing, 1L/20s.
07/21/22 (Burglar): Flowing about 2L/min from a trekking pole pipe
07/16/22 (Chef): trickle, can definitely get water here, ~.5L/min
07/25/21 (Scout): steady trickle scoop helpful",7/21/26,Mobber
P7,1555.6,PCTAID_702,Seasonal tributary of Little Trinity River,"07/17/26 (Lana): shallow flow. Second channel has better flow.
07/05/26 (Hurley Hikes): good flow
07/21/22 (Burglar): Able to get water
07/16/22 (Chef): Multiple little flows, second one a hundred feet further on trail is better ~1L/min
08/08/21 (Old Yeller): good flow but shallow pool, use scoop or redirect flow with a leaf into bag/bottle
07/24/21 (Scout): small trickle across trail, could collect from under rock using scoop & patience",7/17/26,Lana
P7,1557.4,PCTAID_703,Small seasonal spring above Masterson Meadow,"07/17/26 (Lana): shallow flow, lots of cow poop around",7/17/26,Lana
P7,1559.2,PCTAID_704,Small seasonal spring above Dan Rice Creek,"07/17/26 (Lana): shallow flow
06/27/26 (Cadbury): flowing
07/21/22 (Burglar): Decent flow across trail
07/16/22 (Chef): decent flow over 1L/min
07/24/21 (Scout): spring to the north has steady, solid flow. Cold & crisp, about 1L/min but down low & under the bank. Scoop is helpful.",7/17/26,Lana
P8,1566.2,"WA1565
PCTAID_705",Spring just below the PCT,"07/16/22 (Chef): good flow
-----
No sign. Watch for short trail back to your left next to rock cairn (for NOBO).",7/16/22,Chef
,1566.5,"WA1565B
PCTAID_706",Spring,07/06/26 (Ascott): flowing,7/6/26,via Druid
P9,1567.4,"WA1566
PCTAID_707",Small creek,"07/22/26 (Mobber): good flow
07/16/22 (Chef): good flow",7/22/26,Mobber
P9,1567.6,PCTAID_708,Creek below Mosquito Lake.,"07/22/26 (Mobber): flowing well, easy to collect
07/02/26 (Nika): flowing
07/16/22 (Chef): very strong flow
07/25/21 (Scout): large creek with wonderful cold flow & great pools for soaking! Easy collection, 2-3L/min.",7/22/26,Mobber
P9,1572.7,PCTAID_709,Small seasonal tributary of Eagle Cr,"07/18/26 (Lana): flowing!
07/02/26 (Tengo): flowing
07/16/22 (Chef): good flow ~ 1L/min",7/18/26,Lana
P9,1572.9,PCTAID_710,Piped spring near Eagle Peak,"07/22/26 (Mobber): flowing well
07/18/26 (Lana): good flow and easy to collect
07/02/26 (Tengo): flowing
07/16/22 (Chef): good flow ~1L/min
07/25/21 (Scout): steady light flow - uphill for collecting ",7/22/26,Mobber
P10,1574.6,PCTAID_711,Small seasonal tributary,"07/18/26 (Lana): flowing
07/02/26 (Nika): flowing
07/22/22 (Burglar): Good flow at trail",7/18/26,Lana
P10,1577.0,PCTAID_712,Small tributary of Granite Creek,"07/18/26 (Lana): good flow
07/05/26 (Slow Lane): flowing well
07/17/22 (Chef):great flow, lots of water
07/25/21 (Scout): 2 small streams, stream to north with stronger flow and easy collection, about.5L/min",7/18/26,Lana
P10,1579.7,PCTAID_713,Small tributary of South Fork Scott River,"07/18/26 (Lana): flowing
06/26/26 (Sea Gypsy): clear and cold, good taste
07/17/22 (Chef): good flow
07/25/21 (Scout): shallow, steady, cold  flow",7/18/26,Lana
P10,1580.6,PCTAID_714,**South Scott River,"07/22/26 (Mobber): great flow
07/18/26 (Lana): great flow!!!
06/26/26 (Kai): flowing
07/22/22 (Burglar): Flowing
07/17/22 (Chef):  great flow
07/25/21 (Scout): great flow, clear & cold, easy collection.",7/22/26,Mobber
P11,1586.8,"WA1585
PCTAID_715","Spring, At Siphon Lake trail junction, 50 yards E of the PCT on a jeep road. Path opposite large tree 50' down to spring. Go upstream about 10 feet just before the stream crosses the road to find the pipe.","07/05/26 (WFK): Flowing out of a pipe.
07/22/22 (Burglar): Flowing well from pipe
07/25/21 (Scout): Pipe with excellent flow. Clear & cold, about 1L/min.",7/5/26,WFK
P12,1589.3,PCTAID_716,"Spring, tributary of South Russian Creek","07/19/26 (Lana): flowing
07/05/26 (WFK): Flowing
07/23/22 (Burglar): Flowing
07/17/22 (Chef): flowing
07/26/21 (Scout): flowing shallow & steady, easy collection at trail .25/L per min",7/19/26,Lana
P12,1589.3,PCTAID_716,"Small stream,  tributary of South Russian Creek below",07/17/22 (Chef): good flow,7/19/22,Chef
P12,1590.4,PCTAID_717,"Small stream,  tributary of South Russian Creek below","07/22/26 (Mobber): Two sources are close to this mile marker, both are easy enough to collect from
07/19/26 (Lana): trickling
07/17/22 (Chef): flowing
07/26/21 (Scout): strong flow & easy collection ",7/22/26,Mobber
P12,1592.3,PCTAID_719,Statue Creek,"07/23/26 (Mobber): I didn't see any water
07/02/26 (Denali): Trickling
07/17/22 (Chef): good flow",7/23/26,Mobber
P13,1595.5,PCTAID_720,"**Paynes Lake, 100 yards W of PCT.","07/23/26 (Mobber): Water in the lake, flowing at the outlet but not much water
07/19/26 (Lana): flowing
07/02/26 (Denali): Good flow across trail
07/23/22 (Burglar): Lake is full, outflow crosses trail
07/17/22 (Chef): outlet from lake that the PCT crosses is good water",7/23/26,Mobber
P13,1596.2,PCTAID_721,Tributary of Paynes Lake Creek,"07/23/26 (Mobber): good flow at both crossings
07/19/26 (Lana): good flow
07/02/26 (Denali): Good flow across trail
07/23/22 (Burglar): Flowing well
07/17/22 (Chef): flowing
07/26/21 (Scout): excellent flow",7/23/26,Mobber
,1601.2,Etna,"Etna City Park
10.4 miles E on Sawyers Bar Rd.
For a fee, you can camp here with water, showers, lockers and outlets. https://etnaca.com/parks-recreation/k",,,
Q1,1608.7,PCTAID_724,"Cub Bear Spring, small spring 2/10 mile E of PCT.","07/07/26 (Slow Lane): Good flow
07/17/22 (Chef): crisp cold spring water",7/7/26,via Druid
Q2,1611.8,PCTAID_725,Shelly Lake Outlet,"07/26/26 (Mobber): flowing well, not much of a pool left but easy enough to collect
07/21/26 (Lana): flowing
07/10/26 (Metrick): Flowing, with a large pool.
07/23/22 (Burglar): Flowing well
07/18/22 (Chef): good flow
07/28/21 (Scout): flowing well",7/26/26,Mobber
Q2,1615.0,PCTAID_726,Small tributary of Kidder Creek,"07/26/26 (Mobber): flowing well, a nice little stream, easy to collect
07/21/26 (Lana): flowing well
07/24/22 (Burglar): Flowing
07/18/22 (Chef): good flow
07/28/21 (Scout): steady flow with pools & cascades for collection ",7/26/26,Mobber
Q2,1615.3,"WACS1614
PCTAID_727",Small Lake,"07/26/26 (Mobber): water looked hazy but filtered and tasted fine, easy access
07/21/26 (Lana): beautiful lake! Creek is dry.
07/04/26 (Big Toe): Beautiful lake with salamanders and fish to watch",7/26/26,Mobber
Q2,1615.6,PCTAID_728,Marten Lake,"07/26/26 (Mobber): dark colored water from logs and woody matter, didn't see access as easy as the source at Mile 1615.3
07/21/26 (Lana): another lake, not dry
07/28/21 (Scout): water, green",7/26/26,Mobber
Q3,1616.7,"WA1615
PCTAID_729",Kidder Creek,"07/21/26 (Lana): flowing, easy to collect
07/10/26 (Metrick): Flowing
07/18/22 (Chef): good flow
08/07/21 (Old Yeller): flowing well and has 2 pools for good collection",7/21/26,Lana
Q3,1621.7,PCTAID_730,"Cold Spring, 3/10 mile S of PCT, 270 ft elevation drop.",06/24/26 (Sadspot): Flowing about 3 L per minute,6/24/26,via Druid
,1622.8,,Soft Water Spring,07/16/26 (Jackson): Completely dry,7/16/26,via Druid
,1623.0,,"Side trail to Shadow Lake
------------------------------
Follow a side trail approximately 0.4 miles up and then down a steep slope to reach the lake.",07/21/26 (Lana): Water in the lake,7/21/26,Lana
Q4,1625.2,PCTAID_731,Creek near Marble Valley Cabin [locked],"07/26/26 (Mobber): not much at PCT crossing, I found a shallow pool and slow flow about 500ft upstream in bushes past tentsites
07/21/26 (Lana): flowing, easy to collect
07/10/26 (Metrick): Shallow trickle.
07/25/22 (Burglar): Water flowing
07/18/22 (Chef): good flow
07/29/21 (Scout): small trickle in creek. Go upstream and look for the “fairy cave” for easiest collection",7/26/26,Mobber
Q4,1626.5,"WA1625
PCTAID_732",Creek,"07/27/26 (Mobber): pretty good flow, easy to collect
07/10/26 (Metrick): Flowing, 1L/30s.
07/18/22 (Chef): good flow
07/29/21 (Scout): strong clear flow, with easy fill about.5L/min
07/25/21 (David H): easily 4L/min",7/27/26,Mobber
Q5,1630.5,PCTAID_733,**Paradise Lake,"07/27/26 (Mobber): not much flow in outlet, grassy shores made for harder collection but I found one good spot on lakeside adjacent PCT
07/21/26 (Lana): beautiful lake
07/10/26 (Metrick): Flowing
07/18/22 (Chef): outlet form lake that the PCT crosses has good flow
07/26/21 (David H): Lake is shallow, warm, and greenish in tint, with the waters bearing treatment perhaps. The outlet creek might be better
than dipping in the lake. ",7/26/26,Mobber
Q5,1631.1,PCTAID_734,Seasonal tributary of Kelsey Creek,"07/27/26 (Mobber): flowing well in two spots, easier collection and stronger flow at second spot nobo
07/21/26 (Lana): great flow and very cold water!
07/12/26 (Soaker): Strong flow
07/25/22 (Burglar): Flowing well
07/18/22 (Chef): good flow",7/27/26,Mobber
Q6,1636.1,PCTAID_735,"Buckhorn Spring, small signed spring 150 feet W of the PCT in a meadow NW of the large three-forked tree","07/27/26 (Mobber): side trail leads down to a pool and a flowing pipe with easy collection, deer are still there
07/10/26 (Metrick): Flowing from the pipe. Smokey flavor today. Very short walk down. I recommend keeping your pack close as there are acclimated deer here that are unafraid to approach within a few feet.
07/18/22 (Chef): cold clear water from spring, pool is big enough to submerge 1L bag in
07/29/21 (Scout): Steady trickle from pipe, ~.25L/min. Walk downhill 6ft from first pool to find the pipe.",7/27/26,Mobber
Q6,1641.4,,Spring 30 ft off trail,07/22/26 (Lana): big water pool here,7/22/26,Lana
Q6,1642.2,"WA1641
PCTAID_736",Seasonal creek,"07/22/26 (Lana): very good flow
07/10/26 (Metrick): Flowing well.",7/22/26,Lana
Q6,1643.0,ColdSpring Creek,"Cold Spring Creek, a large creek.","07/27/26 (Mobber): strong flow, shade
07/22/26 (Lana): great flow!
07/29/21 (Scout): strong flow and marvelously cold. Water access from campsite.1 mile north.",7/27/26,Mobber
Q6,1643.1,"WACS1642
PCTAID_738",Creek,,,
Q7,1644.0,PCTAID_739,"**Grider Creek, 1st crossing,new steel footbridge in 2020",,,
Q7,1645.2,PCTAID_740,"**Grider Creek, 2nd crossing, wooden footbridge",07/22/26 (Lana): strong flow! Access to water from the southern end,7/22/26,Lana
Q7,1646.9,PCTAID_741,"**Grider Creek, 3rd crossing, steel footbridge with wooden walkway.","07/22/26 (Lana): strong flow, access from the southern end of the bridge",7/22/26,Lana
Q7,1647.3,PCTAID_742,Bark Shanty Creek,"07/22/26 (Lana): very good flow
07/11/26 (Metrick): Flowing well
07/25/22 (Burglar): Good flow",7/22/26,Lana
Q8,1649.3,"WA1648
PCTAID_743",Creek,"07/27/26 (Mobber): good flow
07/22/26 (Lana): great flow
07/25/22 (Burglar): Flowing",7/27/26,Mobber
Q8,1650.9,PCTAID_744,"**Grider Creek, 4th crossing near campground, steel footbridge with wooden walkway, good swimming just N of bridge. Walk through the campground to start of 6.4 mile roadwalk to Seiad Valley. Though the road follows Grider Creek from here on, there are no easy access points. Bring enough water from the campground to reach Seiad Valley.","07/22/26 (Lana): flowing
06/24/26 (Disco): flowing
06/20/21 (David H): Grider Creek is big but not convenient to get to. Deadfall trees were not a problem but the brush was extremely thick, though it was not hard to follow the trail. Lots of poison oak.",7/22/26,Lana
Q8,1655.3,,"Brian's Place
------------------
Turn right (NOBO) up the driveway to Brian's Place, a trail angel house with water, trail magic, and camping.",,,
Q8,1656.5,PCTAID_745,Highway 96 crosses the Klamath River on a large highway bridge.,"07/22/26 (Lana): there is some water access here right at the road shoulder
06/20/21 (David H): The PCTA website correctly advises about relentless big rig traffic on highway 96, hauling logs and road repair material. ",7/22/26,Lana
,1657.5,PCTAID_746,Seiad Valley,,,
,,,,06/20/21 (David H): The RV Park welcomed tent camping at through-hiker rates ($15/day) but parking vehicles along the highway. The Nobo Trail is quite clean and passable for equestrians as far as Fern Spring. ,6/29/21,David H
R1,1659.1,PCTAID_747,Fern Spring,"07/22/26 (Lana): cement water tank half full
07/17/26 (Steve): Drops only
06/29/26 (Scotty): Nasty, fetid trough of water with NO FLOW
06/21/21 (David H): flowing at about 4 liters/minute. Within a mile Nobo, there are 36"" equestrian showstoppers, hiker crawl-under trees on steep brushy hillsides with lots of poison oak interspersed with short stretches of perfectly clear trail.
05/30/21 (slingblade): no flow. super nasty stagnant water in trough",7/22/26,Lana
R1,1663.4,PCTAID_748,"*Lookout Spring, flowing from iron pipe.","07/29/26 (Mobber): Another hiker told me water was there but that collection was very slow. He said that he got 3 liters in 30 minutes
07/23/26 (Lana): consistent trickle from the pipe
07/16/26 (Camel): Nice flow from an iron pipe.
06/21/21 (David H): Lookout Spring was a godsend. It's in an improbable lovely fern nook and was dripping 1L/minute.",7/29/26,Mobber
R2,1667.5,PCTAID_749,Kangaroo Spring,"07/16/26 (Echo): Plenty of water to scoop.
07/08/22 (emile): nice flowing fresh stream. Stack of rocks indicated where to leave trail to search. Walked up a little more after campsites and found spring
06/21/21 (David H): Other hikers said they got water at Kangaroo; I could see the ponds of the springs from the trail but didn't get close. ",7/16/26,via Druid
R2,1669.2,"WA1668
PCTAID_750",Seasonal creek,"07/23/26 (Lana): trickling, but there is a water pool to get water from
07/11/26 (Metrick): Trickle with a dipable pool.
06/29/26 (Scotty): Barely a trickle, but still a small pool to fill from
06/21/21 (David H): This supposed to be seasonal but was 
running well, near the road crossing. ",7/23/26,Lana
R2,1669.8,EchoLakeTR2,Echo Lake Trail junction.,"06/21/21 (David H): neither the lake nor the ""trail"" down looked attractive. From there to Cook and Green Pass there were about half a dozen trees down, none absolutely impassible to stock, but together enough to suggest that equestrians might prefer the road that runs below the trail.",6/29/21,David H
R2,1672.2,PCTAID_751,*Piped Cook and Green Pass spring,"07/29/26 (Mobber): water flowing like a faucet, easy to collect
07/23/26 (Lana): easy trail to the spring, nice water, flowing well from the pipe, 2L in less than 1 min
07/14/26 (AcousticWave): Cold and flowing! 2 liters + per minute. 
06/30/26 (Scotty): Steady flow
06/21/21 (David H): There was seasonal water running across the trail about a mile before Cook
and Green Pass, but the Cook and Green Spring is probably preferable - I didn't check it.",7/29/26,Mobber
R3,1677.7,PCTAID_752,Bear Dog Spring,"07/23/26 (Lana): no visible flow, but the water in the pool is clean and scoopable with a cup
07/15/26 (Portrait): easily scoopable by a small bottle, but might be difficult with a larger bottle or bladder. The water itself is cool and delicious.",7/23/26,Lana
R4,1679.3,"WA1678
PCTAID_753","Spring, 1/10  mile  SW of PCT",07/23/26 (Lana): I was told it's dry since June,7/23/26,Lana
R4,1682.5,PCTAID_754,"Reeves Ranch Springs, 9/10 mile S of PCT.",,,
R5,1684.7,PCTAID_755,*Alex Hole Spring nearby.,"07/23/26 (Lana): water is flowing from the pipe well. The trail is steep down, take the second one that starts with a log.
07/15/26 (AcousticWave): Flowing - about 1 L/ min from the well situated rubber hose. Nice and cold. 
07/01/26 (Scotty): 2L/ minute out of pipe",7/23/26,Lana
,Look for trail to the left of the PCT right after you pass the unpaved road on the right. About 0.1 mile and 100 ft down (after a sharp turn to the left) you will run into multiple small streams from the spring which is ice cold.,,,,,
R5,1686.8,PCTAID_756,"Mud Springs, 2/10  mile north of PCT mile 1692.4.",,,
R5,1688.7,"WA1687
PCTAID_757",Bearground Spring,"07/24/26 (Lana): good flow, cold water
07/17/26 (Echo): Flowing well
07/27/22 (Burglar): Great flow from pipe",7/24/26,Lana
R5,1689.1,"WA1688
PCTAID_758",Small spring,"07/29/26 (Mobber): Water pours from a leaf spout, otherwise plenty of water but flowing low to ground
07/24/26 (Lana): flowing. Make sure to filter, there are a lot of cows in the area
07/17/26 (Echo): Flowing well",7/29/26,Mobber
R5,1689.2,"WA1688B
PCTAID_759",Another small spring,07/24/26 (Lana): flowing well,7/24/26,Lana
R6,1692.1,PCTAID_760,"Donomore Creek, small wooden bridge.","07/24/26 (Lana): flowing
07/01/26 (Scotty): flowing well
06/30/26 (Captain Blue): Plenty of water here today.
06/22/25 (Laurie W): Donomore Cabin Spring flowing well, plus creek crossing trail near cabin @ 2"" deep. Snow patches along north side of ridge melting quickly. ",7/24/26,Lana
R6,1694.5,PCTAID_761,"Small spring, tributary of Tamarack Creek","07/30/26 (Mobber): I saw a few spots with flowing water in this area but it looked like it might be slow collection.
07/24/26 (Lana): trickling
07/10/26 (Duck): slow but flowing",7/30/26,Mobber
R6,1697.6,PCTAID_762,*Sheep Camp Spring,"07/30/26 (Mobber): great flow, easy collection
07/21/26 (Snow): flowing
07/27/22 (Burglar): Strong flow from pipe
06/22/25 (Laurie W): Flowing well",7/30/26,Mobber
R7,1698.7,"WA1697
PCTAID_763",Small stream,"07/30/26 (Mobber): leaf spouts direct the flow of water over the end of a log for easy collection, not much water but still decent flow
07/24/26 (Lana): two streams, both clean and cold. Someone created a water flow path, so the flow is fast and amazing now!
07/20/26 (Safari): flowing
07/01/26 (Scotty): Steady but shallow flow.",7/30/26,Mobber
R7,1705.4,PCTAID_765,Seasonal headwaters of West Branch Long John,"07/30/26 (Mobber): flowing well enough for collection in a spot just uphill of PCT
07/24/26 (Lana): good flow
07/20/26 (Steve): Easy fill. Still trickling
05/30/21 (happysnails): not much
",7/30/26,Mobber
,1709.2,,Unnamed Spring,,,
R8,1710.2,PCTAID_765,Small seasonal creek,"07/25/26 (Lana): flowing
07/13/26 (Metrick): Gentle, shallow flows but collectible with a smartwater.",7/13/26,via Druid
R8,1710.5,"WA1709
PCTAID_766",Seasonal creek,"07/30/26 (Mobber): flowing well, easy to collect
07/25/26 (Lana): great flow
07/22/26 (Snow): flowing",7/30/26,Mobber
,1711.9,,Unnamed Spring,,,
,1714.8,,Faucet beside a picnic table,"07/30/26 (Mobber): faucet has been left running with instructions not to touch
07/25/26 (Lana): working spigot
07/08/26 (Fifteen): flowing",7/30/26,Mobber
,1718.6,,Seasonal Stream,"07/30/26 (Mobber): a few spots with flow low to ground. I heard water flow above in one spot but couldn't see if it was collectable.
07/25/26 (Lana): trickling
07/22/26 (Snow): flowing",7/30/26,Mobber
,1720.4,"Ashland
PCTAID_767",13 miles NW of the PCT on I-5,,,
"These reports are provided as a free service to PCT hikers. I believe the information is accurate but the reports may contain errors. The reports are distributed in the hope that they will be useful, but WITHOUT ANY WARRANTY; without even the implied warranty of MERCHANTABILITY or FITNESS FOR A PARTICULAR PURPOSE.",,,,,,